City,Latitude,Longitude,Description
"Denver, CO",39.7392,-104.9903,"🏢 Headquarters | Full-Service Experiential Marketing"
"Los Angeles, CA",34.0522,-118.2437,"Brand Activations | Event Staffing | Street Teams"
"San Francisco, CA",37.7749,-122.4194,"Experiential Marketing | Brand Ambassadors"
"San Diego, CA",32.7157,-117.1611,"Brand Ambassadors & Street Teams - San Diego"
"Seattle, WA",47.6062,-122.3321,"Event Marketing & Activations - Seattle"
"Portland, OR",45.5152,-122.6784,"Brand Ambassadors & Experiential Marketing - Portland"
"Phoenix, AZ",33.4484,-112.0740,"Guerrilla Marketing & Brand Activations - Phoenix"
"Las Vegas, NV",36.1699,-115.1398,"Event Staffing & Brand Ambassadors - Las Vegas"
"Austin, TX",30.2672,-97.7431,"Experiential Marketing & Events - Austin"
"Dallas, TX",32.7767,-96.7970,"Brand Activations & Street Teams - Dallas"
"Houston, TX",29.7604,-95.3698,"Event Marketing Services - Houston"
"San Antonio, TX",29.4241,-98.4936,"Brand Ambassadors & Activations - San Antonio"
"Miami, FL",25.7617,-80.1918,"Experiential Marketing & Event Staffing - Miami"
"Orlando, FL",28.5383,-81.3792,"Brand Activations & Events - Orlando"
"Tampa, FL",27.9506,-82.4572,"Event Marketing & Brand Ambassadors - Tampa"
"Jacksonville, FL",30.3322,-81.6557,"Brand Activations & Street Teams - Jacksonville"
"Atlanta, GA",33.7490,-84.3880,"Experiential Marketing Services - Atlanta"
"Charlotte, NC",35.2271,-80.8431,"Event Staffing & Brand Ambassadors - Charlotte"
"Raleigh, NC",35.7796,-78.6382,"Brand Activations & Events - Raleigh"
"Nashville, TN",36.1627,-86.7816,"Event Marketing & Activations - Nashville"
"Memphis, TN",35.1495,-90.0490,"Brand Ambassadors & Street Teams - Memphis"
"New Orleans, LA",29.9511,-90.0715,"Experiential Marketing & Events - New Orleans"
"Chicago, IL",41.8781,-87.6298,"Brand Activations & Event Staffing - Chicago"
"Minneapolis, MN",44.9778,-93.2650,"Experiential Marketing Services - Minneapolis"
"Detroit, MI",42.3314,-83.0458,"Brand Ambassadors & Activations - Detroit"
"Milwaukee, WI",43.0389,-87.9065,"Event Marketing & Street Teams - Milwaukee"
"Indianapolis, IN",39.7684,-86.1581,"Brand Activations & Events - Indianapolis"
"Columbus, OH",39.9612,-82.9988,"Experiential Marketing & Staffing - Columbus"
"Kansas City, MO",39.0997,-94.5786,"Brand Ambassadors & Activations - Kansas City"
"St. Louis, MO",38.6270,-90.1994,"Event Marketing Services - St. Louis"
"Oklahoma City, OK",35.4676,-97.5164,"Brand Activations & Street Teams - Oklahoma City"
"New York, NY",40.7128,-74.0060,"Experiential Marketing & Events - New York"
"Boston, MA",42.3601,-71.0589,"Brand Ambassadors & Activations - Boston"
"Philadelphia, PA",39.9526,-75.1652,"Event Staffing & Brand Activations - Philadelphia"
"Pittsburgh, PA",40.4406,-79.9959,"Experiential Marketing Services - Pittsburgh"
"Washington, DC",38.9072,-77.0369,"Brand Ambassadors & Event Marketing - Washington DC"
"Baltimore, MD",39.2904,-76.6122,"Brand Activations & Street Teams - Baltimore"
"Richmond, VA",37.5407,-77.4360,"Event Marketing & Activations - Richmond"
"Sacramento, CA",38.5816,-121.4944,"Brand Ambassadors & Events - Sacramento"
"San Jose, CA",37.3382,-121.8863,"Experiential Marketing & Staffing - San Jose"
"Salt Lake City, UT",40.7608,-111.8910,"Brand Activations & Events - Salt Lake City"
"Tucson, AZ",32.2226,-110.9747,"Event Marketing & Brand Ambassadors - Tucson"
"Albuquerque, NM",35.0844,-106.6504,"Brand Activations & Street Teams - Albuquerque"
"Boise, ID",43.6150,-116.2023,"Experiential Marketing Services - Boise"
"Omaha, NE",41.2565,-95.9345,"Brand Ambassadors & Events - Omaha"
"Des Moines, IA",41.5868,-93.6250,"Event Marketing & Activations - Des Moines"
"Louisville, KY",38.2527,-85.7585,"Brand Activations & Staffing - Louisville"
"Cincinnati, OH",39.1031,-84.5120,"Experiential Marketing & Events - Cincinnati"
"Cleveland, OH",41.4993,-81.6944,"Brand Ambassadors & Activations - Cleveland"
"Buffalo, NY",42.8864,-78.8784,"Event Marketing Services - Buffalo"
"Providence, RI",41.8240,-71.4128,"Brand Activations & Street Teams - Providence"
